patient_id,name,email,phone,dob,created_at
1,Krishna Khan,priya.gupta@gmail.com,9774850409,1985-01-01,2025-06-12 02:16:09.954691
2,Ananya Patel,rahul.patel@gmail.com,9918348442,1985-01-01,2025-01-17 03:55:29.794301
3,Aadhya Gupta,arjun.gupta@gmail.com,9037518924,1985-01-01,2024-08-24 10:41:06.779401
4,Aadhya Gupta,swathi.singh@gmail.com,9702697636,1985-01-01,2024-05-26 13:25:03.991939
5,Diya Khan,aadhya.sharma@gmail.com,9886289775,1985-01-01,2024-04-10 08:28:58.608066
6,Nisha Reddy,krishna.sharma@gmail.com,9681771052,1985-01-01,2023-10-20 04:43:15.189326
7,Swathi Patel,nisha.iyer@gmail.com,9301157239,1985-01-01,2024-01-13 18:35:37.175478
8,Krishna Das,kavya.singh@gmail.com,9040479910,1985-01-01,2023-07-19 15:46:32.070069
9,Aditya Verma,sai.verma@gmail.com,9670446568,1985-01-01,2024-01-29 22:49:47.985379
10,Rohan Nair,aditya.das@gmail.com,9298802090,1985-01-01,2025-01-21 01:15:25.370336
11,Vivaan Sharma,pooja.reddy@gmail.com,9200266883,1985-01-01,2024-09-27 09:51:18.680160
12,Priya Sharma,ishaan.verma@gmail.com,9063818077,1985-01-01,2024-04-23 10:17:21.848570
13,Ishaan Nair,aadhya.khan@gmail.com,9196590474,1985-01-01,2025-03-18 00:29:13.230694
14,Meera Verma,rahul.gupta@gmail.com,9852347800,1985-01-01,2024-02-21 08:47:11.560960
15,Aarav Das,krishna.khan@gmail.com,9106059175,1985-01-01,2023-06-10 12:01:09.427052
16,Diya Das,aadhya.verma@gmail.com,9643684827,1985-01-01,2025-05-25 19:39:03.635559
17,Karthik Sharma,aarav.patel@gmail.com,9551604520,1985-01-01,2025-05-01 13:21:09.578547
18,Meera Das,sai.sharma@gmail.com,9658119746,1985-01-01,2023-04-18 08:10:03.185066
19,Diya Iyer,arjun.reddy@gmail.com,9138463156,1985-01-01,2023-05-25 16:43:24.029156
20,Rohan Nair,aditya.verma@gmail.com,9322647091,1985-01-01,2024-12-01 07:49:18.186698
21,Vivaan Singh,priya.iyer@gmail.com,9044311222,1985-01-01,2025-04-30 10:14:58.150644
22,Aadhya Reddy,ananya.sharma@gmail.com,9725047174,1985-01-01,2023-07-21 16:18:22.411975
23,Meera Patel,aadhya.sharma@gmail.com,9432500067,1985-01-01,2024-03-07 17:44:32.904023
24,Swathi Reddy,pooja.nair@gmail.com,9311143477,1985-01-01,2024-05-15 08:41:28.506765
25,Ishaan Verma,karthik.verma@gmail.com,9072499402,1985-01-01,2023-11-21 12:53:38.243439
26,Ananya Verma,meera.reddy@gmail.com,9873940995,1985-01-01,2024-12-08 14:25:19.085496
27,Arjun Reddy,sneha.khan@gmail.com,9576684630,1985-01-01,2024-12-21 19:44:23.285059
28,Swathi Patel,meera.verma@gmail.com,9379539158,1985-01-01,2025-01-15 09:40:58.311058
29,Swathi Verma,priya.iyer@gmail.com,9904472146,1985-01-01,2024-05-13 12:41:09.697417
30,Krishna Khan,krishna.patel@gmail.com,9820987975,1985-01-01,2023-08-18 01:50:48.575069
31,Karthik Khan,ishaan.nair@gmail.com,9353376157,1985-01-01,2023-01-31 08:50:38.751634
32,Vivaan Sharma,meera.nair@gmail.com,9321233784,1985-01-01,2024-08-01 11:43:32.172072
33,Pooja Iyer,diya.iyer@gmail.com,9402809038,1985-01-01,2024-09-12 16:09:42.697482
34,Kavya Nair,sai.khan@gmail.com,9176520178,1985-01-01,2024-09-16 01:52:27.317653
35,Sai Sharma,vivaan.verma@gmail.com,9588779988,1985-01-01,2023-11-25 07:19:57.913838
36,Rohan Iyer,karthik.das@gmail.com,9268333169,1985-01-01,2025-07-11 07:27:07.106704
37,Karthik Patel,karthik.iyer@gmail.com,9141316629,1985-01-01,2023-09-26 02:13:48.638516
38,Kavya Reddy,pooja.das@gmail.com,9290334857,1985-01-01,2023-01-27 06:19:00.765424
39,Meera Nair,krishna.iyer@gmail.com,9533117701,1985-01-01,2023-06-11 18:52:02.164134
40,Pooja Singh,kavya.khan@gmail.com,9750044727,1985-01-01,2025-04-06 05:52:55.773967
41,Nisha Gupta,aditya.sharma@gmail.com,9757005517,1985-01-01,2023-04-03 10:39:26.960537
42,Diya Nair,pooja.verma@gmail.com,9260710706,1985-01-01,2025-06-24 00:34:54.532980
43,Pooja Singh,ananya.reddy@gmail.com,9740974622,1985-01-01,2023-02-06 16:22:37.923352
44,Aadhya Das,aarav.verma@gmail.com,9268148622,1985-01-01,2023-05-14 08:14:42.163552
45,Meera Sharma,pooja.iyer@gmail.com,9715926918,1985-01-01,2024-10-16 00:51:12.736788
46,Aadhya Das,ananya.sharma@gmail.com,9948567723,1985-01-01,2023-10-12 20:48:19.042577
47,Ishaan Verma,pooja.khan@gmail.com,9930379298,1985-01-01,2024-12-09 01:47:12.607037
48,Meera Singh,pooja.gupta@gmail.com,9846005056,1985-01-01,2024-08-17 10:50:44.019998
49,Vivaan Iyer,karthik.patel@gmail.com,9419081444,1985-01-01,2024-07-09 11:39:48.857008
50,Sai Khan,aditya.reddy@gmail.com,9319592653,1985-01-01,2023-06-29 19:49:43.320210
51,Swathi Nair,kavya.singh@gmail.com,9807530319,1985-01-01,2023-01-15 09:30:48.804724
52,Kavya Reddy,arjun.khan@gmail.com,9035629576,1985-01-01,2025-07-31 03:18:07.627874
53,Swathi Patel,aarav.singh@gmail.com,9608864626,1985-01-01,2025-06-26 01:31:53.192635
54,Vivaan Reddy,aadhya.iyer@gmail.com,9813852435,1985-01-01,2025-07-25 09:41:39.130839
55,Karthik Iyer,sneha.khan@gmail.com,9999065801,1985-01-01,2024-08-09 23:06:02.671456
56,Aadhya Singh,kavya.das@gmail.com,9927135624,1985-01-01,2023-06-07 11:24:30.642768
57,Diya Nair,rohan.patel@gmail.com,9719886141,1985-01-01,2024-04-02 14:29:54.713347
58,Sneha Gupta,rohan.khan@gmail.com,9088749109,1985-01-01,2024-05-27 00:43:12.450465
59,Pooja Reddy,meera.das@gmail.com,9767576871,1985-01-01,2024-02-24 08:23:19.364853
60,Rahul Khan,nisha.khan@gmail.com,9822315595,1985-01-01,2023-08-12 14:30:21.911553
