appointment_id,patient_id,doctor_id,department,slot_start,slot_end,status,created_at
1,32,24,Cardiology,2025-05-25 19:07:07.392958,2024-10-01 15:06:35.875515,COMPLETED,2025-05-24 20:36:13.155184
2,5,4,Orthopedics,2024-08-12 01:23:37.719542,2023-02-20 02:54:43.934534,COMPLETED,2024-11-16 00:29:24.422118
3,1,21,Cardiology,2023-06-25 15:53:02.043671,2025-07-08 23:19:33.524773,SCHEDULED,2024-03-02 16:28:03.528289
4,9,8,Orthopedics,2023-12-19 22:45:25.968625,2025-02-06 07:11:30.311929,COMPLETED,2025-02-15 21:46:29.026473
5,52,23,Orthopedics,2023-01-23 04:15:55.647413,2025-03-01 07:52:31.888888,SCHEDULED,2024-11-13 04:51:37.845960
6,18,12,Orthopedics,2024-10-27 07:49:34.231817,2023-04-10 12:45:18.433626,SCHEDULED,2024-02-18 11:05:49.750647
7,3,16,Cardiology,2023-10-12 02:34:30.187005,2023-03-03 07:57:53.386726,COMPLETED,2024-06-14 20:23:23.919389
8,47,17,Cardiology,2025-03-31 00:05:36.212095,2024-08-31 03:32:50.846452,SCHEDULED,2023-08-01 07:40:26.021509
9,18,17,Orthopedics,2025-07-30 01:41:30.457895,2024-01-31 21:56:44.223313,COMPLETED,2025-03-29 01:46:25.019672
10,57,16,Cardiology,2025-06-24 04:32:15.559978,2024-08-08 20:38:23.581328,CANCELLED,2025-05-23 20:00:57.202710
11,40,1,Orthopedics,2024-10-16 07:28:16.661228,2024-09-09 01:37:58.484273,CANCELLED,2024-08-19 08:12:59.770599
12,14,22,Cardiology,2025-04-22 12:54:05.078371,2025-03-22 10:15:43.741227,CANCELLED,2025-07-20 12:57:43.701916
13,48,13,Cardiology,2025-01-13 19:06:00.729262,2024-03-06 19:05:16.092841,SCHEDULED,2024-10-08 20:09:29.432464
14,51,25,Orthopedics,2023-07-23 21:25:17.922136,2023-12-16 21:21:51.499373,COMPLETED,2023-10-14 23:08:32.632682
15,37,11,Cardiology,2024-06-17 22:25:14.812619,2023-09-14 00:39:26.618874,COMPLETED,2023-07-10 22:54:53.569729
16,54,13,Cardiology,2024-11-18 06:09:11.242283,2025-06-06 21:23:10.980414,SCHEDULED,2024-05-12 03:33:56.817391
17,26,7,Cardiology,2023-07-08 11:28:11.724694,2024-12-07 08:29:08.600562,COMPLETED,2024-04-18 21:44:42.155021
18,5,5,Cardiology,2024-04-28 21:50:04.403137,2023-10-07 03:14:33.787013,CANCELLED,2023-12-20 13:35:31.458022
19,13,4,Orthopedics,2024-11-30 07:55:12.221836,2023-04-11 07:21:55.982091,CANCELLED,2024-03-11 20:08:57.121981
20,40,10,Cardiology,2025-03-11 12:13:53.281085,2024-05-01 08:39:05.311596,SCHEDULED,2025-03-15 01:49:16.700821
21,42,6,Cardiology,2024-12-07 04:57:54.086609,2024-09-24 08:38:33.860322,COMPLETED,2024-09-27 20:28:10.832955
22,41,22,Orthopedics,2025-07-22 12:42:33.602432,2025-04-15 02:15:22.003002,COMPLETED,2024-09-19 19:20:35.856573
23,26,23,Orthopedics,2023-12-08 03:28:42.512329,2025-03-21 01:28:39.416015,CANCELLED,2025-02-14 13:39:25.937267
24,7,23,Orthopedics,2024-08-27 09:42:48.582045,2025-05-27 00:07:28.344023,SCHEDULED,2025-05-14 21:01:10.032467
25,44,11,Orthopedics,2024-06-19 17:07:56.484286,2025-04-17 10:25:40.519619,SCHEDULED,2025-07-21 01:41:14.164703
26,22,9,Cardiology,2025-03-30 02:57:41.420933,2023-11-14 21:27:01.344038,CANCELLED,2023-02-28 22:47:08.751955
27,3,12,Cardiology,2024-09-02 18:46:46.119492,2023-05-14 04:56:03.880539,SCHEDULED,2024-02-10 19:31:28.736462
28,51,18,Orthopedics,2023-01-17 13:16:27.571152,2024-02-12 23:15:10.899519,COMPLETED,2025-05-13 03:27:24.931081
29,27,5,Orthopedics,2023-04-08 03:06:01.510620,2025-07-30 06:12:01.270450,SCHEDULED,2024-10-08 12:25:57.168022
30,52,11,Cardiology,2023-12-30 23:52:33.786684,2024-04-07 17:28:26.898076,SCHEDULED,2023-01-20 15:11:42.776322
31,59,13,Orthopedics,2024-11-24 17:54:51.702524,2025-03-28 00:43:28.425240,SCHEDULED,2023-01-02 14:09:05.494710
32,21,25,Cardiology,2024-05-07 18:01:36.361663,2025-04-24 01:48:30.087260,COMPLETED,2024-10-18 23:55:12.774847
33,37,6,Cardiology,2024-07-13 12:21:15.291160,2023-04-04 14:47:34.228851,SCHEDULED,2024-07-10 08:11:13.783723
34,14,6,Orthopedics,2024-01-28 03:12:35.932311,2023-02-19 22:20:21.065623,COMPLETED,2024-04-26 04:13:12.227366
35,28,1,Orthopedics,2024-10-17 18:52:59.481300,2025-01-21 14:18:03.585792,COMPLETED,2023-08-02 23:44:03.801083
36,59,12,Orthopedics,2023-10-14 20:02:15.550090,2025-01-13 19:07:44.791895,COMPLETED,2024-12-24 07:38:39.136951
37,12,24,Orthopedics,2024-07-21 05:40:58.617852,2024-07-07 19:20:27.568430,COMPLETED,2023-10-05 04:17:45.829389
38,24,13,Orthopedics,2024-09-20 02:33:03.141494,2024-12-04 14:31:23.272973,COMPLETED,2023-12-30 04:05:29.878682
39,40,5,Orthopedics,2024-12-20 07:21:45.934502,2023-12-25 09:00:01.058809,COMPLETED,2023-03-30 08:33:18.049409
40,29,7,Orthopedics,2023-01-15 10:26:49.677846,2023-11-17 09:03:41.059343,SCHEDULED,2023-06-06 06:50:13.116840
41,30,3,Orthopedics,2025-03-03 16:38:13.662598,2024-03-04 14:11:09.384620,CANCELLED,2024-10-09 03:47:23.740009
42,10,12,Orthopedics,2023-06-27 06:37:46.174600,2024-01-25 16:11:38.946731,COMPLETED,2025-05-04 02:08:03.169643
43,7,18,Cardiology,2023-05-01 07:54:27.062426,2023-06-11 08:17:20.146016,CANCELLED,2023-03-21 09:16:40.764999
44,56,19,Orthopedics,2025-03-11 13:08:41.889691,2023-03-16 22:04:33.417134,SCHEDULED,2023-06-03 03:07:54.290437
45,13,10,Orthopedics,2023-02-19 08:21:09.453892,2024-03-25 12:05:52.829506,CANCELLED,2023-06-19 23:22:16.671958
46,7,19,Cardiology,2024-08-10 08:26:43.221841,2023-04-23 23:53:18.366161,SCHEDULED,2024-10-01 10:31:03.029785
47,6,2,Orthopedics,2023-11-28 17:55:08.759592,2024-03-10 05:47:42.926277,SCHEDULED,2023-04-09 23:13:23.478021
48,34,18,Cardiology,2024-05-15 17:26:46.097837,2024-11-30 13:32:44.695287,COMPLETED,2023-05-10 07:41:07.122771
49,20,10,Orthopedics,2024-08-30 09:40:45.173707,2024-01-15 06:07:01.666194,CANCELLED,2025-05-30 22:12:40.159576
50,11,10,Cardiology,2024-03-13 05:08:49.954459,2025-04-15 18:30:52.726493,CANCELLED,2024-11-01 06:07:10.364505
51,44,8,Cardiology,2023-02-10 20:37:00.162594,2024-04-10 06:18:27.117827,CANCELLED,2024-05-21 19:38:15.575834
52,17,25,Orthopedics,2024-07-01 06:05:35.566945,2025-06-19 07:35:41.140096,CANCELLED,2024-04-20 06:03:15.655976
53,57,22,Cardiology,2023-07-29 22:43:58.786403,2023-03-26 07:46:22.738135,CANCELLED,2024-08-27 14:32:54.780354
54,58,24,Orthopedics,2024-09-20 12:23:52.655237,2024-05-26 05:07:24.241801,CANCELLED,2025-02-18 00:07:32.541751
55,51,4,Cardiology,2025-03-05 05:34:14.183230,2023-01-27 15:20:04.579877,SCHEDULED,2024-08-08 20:49:50.464020
56,42,1,Orthopedics,2024-05-11 02:08:45.349241,2025-01-14 12:43:57.253507,SCHEDULED,2024-04-14 14:37:10.691843
57,40,17,Orthopedics,2023-11-05 12:52:55.241925,2024-06-28 09:23:29.713773,SCHEDULED,2024-05-17 15:02:55.472719
58,44,7,Cardiology,2025-04-01 10:49:25.021310,2023-09-07 12:09:20.597395,SCHEDULED,2024-08-17 03:02:48.852418
59,33,21,Orthopedics,2025-07-27 04:27:12.555357,2023-11-30 17:43:23.404334,COMPLETED,2024-05-29 15:07:28.558410
60,41,4,Cardiology,2025-03-12 05:56:44.638929,2024-01-08 13:15:44.126532,SCHEDULED,2024-09-21 11:32:54.115870
61,51,15,Orthopedics,2023-06-07 08:29:49.403975,2024-03-09 08:43:30.369694,COMPLETED,2023-04-01 04:38:38.074824
62,5,12,Cardiology,2025-02-11 02:09:31.836312,2024-08-24 21:08:12.887155,CANCELLED,2025-02-08 14:58:13.854546
63,4,21,Cardiology,2024-01-10 00:41:19.896396,2023-08-14 18:57:22.417580,CANCELLED,2023-12-29 17:19:06.410077
64,25,15,Cardiology,2023-10-21 22:08:35.484862,2024-12-26 04:22:02.437374,COMPLETED,2023-10-27 11:40:59.733349
65,54,1,Cardiology,2023-02-01 05:50:54.931979,2025-07-27 18:00:32.172004,COMPLETED,2023-11-23 13:25:42.966023
66,39,4,Orthopedics,2025-03-22 17:49:19.832838,2024-07-23 15:03:21.886551,COMPLETED,2024-04-05 21:12:30.231852
67,31,9,Orthopedics,2025-07-25 18:30:21.219659,2023-04-15 06:52:11.417788,CANCELLED,2023-08-12 17:37:58.094187
68,48,1,Orthopedics,2025-06-18 02:12:59.156050,2024-02-24 04:55:04.528373,COMPLETED,2023-01-18 21:03:29.276462
69,58,5,Orthopedics,2023-08-07 21:58:58.744665,2023-07-28 22:45:25.361801,SCHEDULED,2023-03-11 09:05:32.882631
70,53,18,Orthopedics,2024-05-29 19:50:08.046887,2023-07-22 04:16:57.166166,COMPLETED,2023-01-17 07:20:55.601293
71,59,15,Cardiology,2023-05-20 21:13:29.008454,2024-07-26 05:06:25.341417,CANCELLED,2023-07-05 23:32:45.171388
72,26,4,Cardiology,2024-10-11 03:14:11.692734,2024-07-15 07:21:03.051465,CANCELLED,2023-10-21 09:29:44.824677
73,14,8,Cardiology,2024-10-31 07:13:57.502218,2023-05-11 02:01:45.872567,COMPLETED,2023-02-19 21:42:45.853202
74,46,7,Cardiology,2025-01-09 02:20:01.110911,2023-10-01 06:22:06.559539,COMPLETED,2024-09-17 09:57:52.209125
75,48,5,Orthopedics,2023-11-01 21:08:06.821759,2024-09-30 01:17:05.316687,CANCELLED,2023-12-09 19:47:38.407091
76,50,9,Orthopedics,2023-11-13 16:51:41.858571,2025-01-22 23:37:16.257543,COMPLETED,2023-09-12 15:11:02.649516
77,10,8,Orthopedics,2024-07-29 07:15:24.366787,2023-11-30 19:30:40.397457,COMPLETED,2023-07-02 18:31:45.997121
78,31,13,Cardiology,2025-07-26 06:18:50.562302,2024-08-14 13:41:17.367808,SCHEDULED,2025-04-04 04:53:16.225478
79,42,7,Cardiology,2025-05-29 16:04:35.954650,2024-02-04 07:32:01.695132,CANCELLED,2025-05-24 01:39:58.712844
80,23,9,Orthopedics,2023-07-17 07:19:12.343119,2025-06-27 00:12:04.578831,CANCELLED,2025-01-02 03:48:11.719425
81,21,8,Cardiology,2024-05-01 12:19:59.066090,2025-01-28 10:16:25.458342,CANCELLED,2024-11-22 02:30:30.403307
82,53,19,Orthopedics,2025-02-26 15:43:19.905705,2024-03-27 15:55:33.453593,CANCELLED,2025-01-22 05:33:14.028840
83,29,12,Cardiology,2024-10-03 17:15:26.714397,2024-07-03 01:26:10.326219,CANCELLED,2023-11-08 06:46:55.149900
84,41,2,Orthopedics,2025-01-31 20:26:34.523421,2025-07-23 12:20:06.671836,CANCELLED,2024-06-26 18:19:06.540181
85,27,19,Cardiology,2023-09-24 17:45:37.759959,2025-02-26 07:13:17.535138,SCHEDULED,2025-05-09 05:23:18.681698
86,16,9,Orthopedics,2024-02-19 16:09:14.232316,2023-11-29 21:54:36.584168,COMPLETED,2023-11-15 02:11:23.239269
87,30,23,Orthopedics,2024-11-13 20:45:20.464801,2025-04-18 17:47:30.040885,CANCELLED,2023-12-27 02:56:19.879833
88,60,18,Cardiology,2023-01-22 10:55:23.692048,2023-09-13 10:35:11.473997,COMPLETED,2024-06-06 04:26:40.817841
89,15,6,Orthopedics,2023-06-17 09:43:33.459664,2024-09-10 06:53:48.626426,CANCELLED,2023-02-19 20:56:29.187360
90,32,7,Cardiology,2024-07-18 19:17:27.743578,2025-03-07 21:41:57.170737,CANCELLED,2024-04-29 06:11:02.169498
91,26,14,Cardiology,2024-03-24 09:22:40.122954,2025-04-02 16:38:31.122199,COMPLETED,2025-05-06 19:43:14.882084
92,51,18,Orthopedics,2024-08-03 02:12:55.024007,2024-11-09 02:29:47.998974,COMPLETED,2024-08-13 12:31:03.851422
93,60,21,Orthopedics,2024-03-31 12:32:54.427620,2023-08-18 19:14:57.053181,CANCELLED,2024-01-20 00:01:15.785242
94,25,6,Orthopedics,2023-07-08 21:18:03.094578,2025-07-13 01:21:02.543060,COMPLETED,2023-07-28 15:32:06.544169
95,13,11,Orthopedics,2025-05-29 18:01:33.498194,2023-11-30 06:21:07.118955,SCHEDULED,2023-06-07 06:04:17.086239
96,18,10,Cardiology,2024-05-02 22:05:29.916006,2023-02-16 14:52:11.065114,COMPLETED,2025-06-23 06:47:07.695882
97,17,19,Cardiology,2023-04-10 21:13:36.958068,2025-03-22 13:00:20.338806,CANCELLED,2025-02-28 23:55:59.072259
98,56,8,Cardiology,2023-08-31 02:56:29.220570,2023-05-08 14:57:12.736519,SCHEDULED,2023-05-26 13:55:38.293344
99,37,8,Cardiology,2024-10-21 11:28:51.890571,2024-09-11 10:06:51.456220,CANCELLED,2023-09-01 03:28:28.542052
100,9,18,Orthopedics,2023-01-26 13:03:20.870567,2025-06-14 13:42:13.424793,CANCELLED,2024-05-08 19:58:50.693773
101,10,19,Orthopedics,2023-01-24 21:09:06.054589,2025-03-24 16:12:19.922470,COMPLETED,2024-06-03 03:55:08.560492
102,40,6,Cardiology,2024-11-07 07:43:17.798929,2025-04-04 00:07:36.993893,CANCELLED,2023-10-20 14:05:36.552032
103,15,25,Orthopedics,2023-06-14 16:12:54.409908,2023-05-09 19:07:08.801150,CANCELLED,2023-02-17 19:10:25.533253
104,18,18,Orthopedics,2024-08-07 16:10:26.672526,2024-04-21 23:33:33.712929,COMPLETED,2024-08-27 16:24:20.671974
105,59,16,Cardiology,2024-09-30 05:34:37.360633,2023-09-06 03:24:07.258053,CANCELLED,2025-04-04 14:55:58.498829
106,43,5,Orthopedics,2023-10-20 21:51:31.550535,2025-04-23 10:52:39.489466,COMPLETED,2024-08-14 13:47:44.687223
107,10,8,Cardiology,2023-01-13 02:27:10.960679,2024-02-12 03:11:15.464978,SCHEDULED,2025-05-13 21:45:16.885319
108,49,15,Orthopedics,2024-12-20 11:45:16.125588,2023-11-17 09:12:48.698842,COMPLETED,2024-06-04 08:31:51.340725
109,17,2,Cardiology,2025-01-02 19:23:48.388503,2024-12-03 14:09:38.105868,SCHEDULED,2025-06-27 16:02:17.955283
110,24,20,Cardiology,2023-02-21 07:23:49.489104,2023-06-03 09:30:56.176335,CANCELLED,2024-12-22 12:20:56.561614
111,44,20,Orthopedics,2024-10-19 05:07:33.751664,2023-08-24 15:07:31.747417,SCHEDULED,2023-06-26 18:46:56.602522
112,58,21,Cardiology,2024-08-02 11:39:21.735653,2024-11-21 04:47:10.912041,COMPLETED,2023-02-20 21:22:12.258574
113,18,1,Orthopedics,2023-09-03 07:44:24.330540,2025-06-30 02:07:22.232313,CANCELLED,2024-10-30 23:54:34.282179
114,24,9,Orthopedics,2023-01-30 12:25:16.864418,2024-10-11 00:09:11.236570,COMPLETED,2024-09-29 20:17:26.356777
115,32,22,Cardiology,2024-03-29 17:08:29.586447,2023-04-21 17:47:07.987857,CANCELLED,2024-08-25 10:34:53.975256
116,32,8,Cardiology,2025-05-18 16:13:22.059591,2025-05-31 22:01:41.657342,COMPLETED,2023-01-16 14:21:13.124236
117,17,18,Orthopedics,2024-12-07 19:02:13.444243,2025-06-24 14:18:08.201848,CANCELLED,2024-07-28 11:31:28.580263
118,28,19,Cardiology,2023-07-01 01:22:52.551872,2025-07-23 00:33:33.771075,SCHEDULED,2025-07-24 23:51:52.229243
119,29,4,Orthopedics,2025-06-01 02:13:50.662146,2024-01-14 19:24:34.641743,CANCELLED,2025-04-19 16:22:41.094184
120,54,25,Cardiology,2023-07-06 01:27:22.423561,2025-04-03 22:51:25.585245,COMPLETED,2025-06-13 17:12:18.510753
121,30,8,Cardiology,2025-06-16 15:10:52.523860,2024-09-13 11:47:23.990918,SCHEDULED,2023-09-12 07:29:18.873083
122,31,8,Cardiology,2023-03-27 09:41:22.745604,2024-12-08 15:37:56.393075,CANCELLED,2024-08-27 18:14:25.979893
123,45,7,Cardiology,2025-04-20 22:21:33.408057,2025-05-02 20:48:08.256342,CANCELLED,2024-03-17 06:45:58.605738
124,6,1,Orthopedics,2023-08-18 08:37:38.454472,2023-05-29 17:42:37.922178,CANCELLED,2024-05-23 14:27:05.915966
125,17,21,Orthopedics,2025-05-15 14:19:27.001452,2023-01-03 00:46:03.239096,CANCELLED,2023-04-22 12:52:07.330800
126,47,24,Orthopedics,2024-11-28 17:50:49.127769,2024-12-13 22:37:56.321089,SCHEDULED,2023-07-18 14:37:14.565456
127,36,16,Orthopedics,2024-12-18 10:37:27.083096,2023-10-31 05:15:13.025004,SCHEDULED,2025-05-16 23:38:30.780076
128,58,4,Cardiology,2024-11-02 09:58:25.578384,2025-05-09 10:27:35.443243,CANCELLED,2024-12-25 02:57:55.746305
129,40,24,Cardiology,2023-04-27 10:04:47.351187,2024-07-10 06:16:06.106528,COMPLETED,2025-05-16 09:13:00.534023
130,14,18,Orthopedics,2023-01-22 00:29:38.079673,2024-07-16 14:22:20.495783,SCHEDULED,2024-08-18 23:05:46.988610
131,19,13,Orthopedics,2024-09-22 14:34:13.311834,2024-02-09 22:47:19.954264,CANCELLED,2023-10-07 20:27:02.597816
132,42,18,Orthopedics,2023-10-29 21:09:22.893366,2025-05-02 04:01:33.967481,CANCELLED,2025-06-06 01:43:12.428344
133,30,2,Orthopedics,2024-11-10 04:09:23.387505,2025-04-08 01:23:47.680756,SCHEDULED,2023-06-11 21:54:00.755527
134,8,18,Orthopedics,2023-09-09 05:59:57.060526,2025-05-05 16:00:51.181535,SCHEDULED,2023-05-03 14:09:36.936600
135,49,10,Orthopedics,2025-06-27 10:34:06.256346,2023-05-15 00:58:37.729355,COMPLETED,2023-04-15 17:30:31.152600
136,7,21,Orthopedics,2023-11-12 22:09:12.048259,2023-11-27 00:01:00.453766,COMPLETED,2023-04-17 02:58:50.545694
137,4,17,Cardiology,2025-07-28 17:01:00.172564,2024-02-23 01:03:10.591699,CANCELLED,2025-07-24 01:20:40.594950
138,26,16,Cardiology,2024-10-28 23:59:32.129058,2024-03-28 09:39:58.038549,COMPLETED,2023-10-22 17:28:11.942670
139,12,21,Cardiology,2024-11-16 07:44:13.189833,2025-06-14 04:54:32.837145,CANCELLED,2023-02-27 00:27:06.967424
140,59,17,Orthopedics,2025-07-08 20:12:11.302233,2023-12-07 06:13:36.759380,COMPLETED,2025-02-03 21:45:46.044588
141,8,11,Orthopedics,2024-08-20 02:19:34.040651,2024-04-30 15:08:50.964956,SCHEDULED,2023-09-05 10:03:57.388739
142,32,14,Cardiology,2025-04-10 15:27:21.942013,2023-11-24 11:55:20.384429,CANCELLED,2024-05-26 10:49:58.036433
143,30,23,Cardiology,2024-02-14 05:00:13.408540,2023-06-21 19:21:42.964424,COMPLETED,2023-10-09 14:33:39.425525
144,3,20,Orthopedics,2023-01-20 23:20:33.242398,2023-03-15 23:07:16.530893,SCHEDULED,2023-06-12 23:57:51.215549
145,2,22,Orthopedics,2025-03-03 17:49:55.464761,2024-03-05 18:58:26.152506,CANCELLED,2024-03-04 19:10:35.093675
146,19,15,Orthopedics,2024-08-22 23:29:58.273180,2024-12-26 21:34:52.360691,COMPLETED,2023-04-28 20:59:29.841439
147,38,12,Orthopedics,2025-04-19 17:39:35.491075,2025-04-16 10:55:52.464514,CANCELLED,2023-02-17 06:02:37.787725
148,32,11,Cardiology,2024-09-23 07:06:35.045218,2023-02-16 05:29:33.297494,CANCELLED,2023-12-12 02:12:14.890706
149,12,9,Cardiology,2024-07-08 06:11:37.410898,2025-04-13 06:49:08.075744,CANCELLED,2025-03-28 13:07:04.790357
150,10,24,Cardiology,2023-06-05 16:14:34.367976,2025-01-12 12:32:44.583436,CANCELLED,2023-05-09 22:24:59.968569
151,34,10,Orthopedics,2023-04-16 13:50:19.266787,2025-02-06 07:59:58.107368,COMPLETED,2023-09-19 01:42:06.857795
152,50,15,Cardiology,2023-02-21 18:44:45.415482,2023-08-24 16:33:12.801966,SCHEDULED,2023-09-05 11:55:20.678495
153,6,23,Cardiology,2025-05-26 14:55:51.477306,2024-08-16 10:58:55.551808,SCHEDULED,2023-01-30 14:59:04.490904
154,30,6,Orthopedics,2025-02-13 08:35:06.818065,2023-09-18 07:09:09.283141,CANCELLED,2024-03-11 06:19:31.857642
155,53,13,Orthopedics,2023-12-15 11:46:21.235049,2025-03-22 17:58:05.809120,CANCELLED,2023-10-20 16:29:50.139159
156,34,9,Cardiology,2024-03-30 17:12:53.502045,2024-12-23 19:05:02.218606,COMPLETED,2024-01-01 02:22:20.716488
157,49,2,Cardiology,2023-12-02 17:45:32.637520,2023-02-21 01:04:43.251610,CANCELLED,2023-05-27 04:43:14.947975
158,49,2,Orthopedics,2024-01-11 16:34:43.195007,2024-07-22 22:06:51.863160,CANCELLED,2023-09-04 11:32:03.135319
159,38,21,Orthopedics,2023-09-16 05:32:31.605780,2024-08-27 16:08:44.064231,SCHEDULED,2023-12-03 01:16:41.953632
160,5,3,Orthopedics,2024-10-18 05:18:25.591695,2023-04-30 00:14:23.416661,SCHEDULED,2024-01-08 15:13:36.357852
161,60,6,Cardiology,2023-10-25 07:32:26.602824,2024-07-06 22:32:00.141495,COMPLETED,2025-03-10 08:22:38.099834
162,30,9,Orthopedics,2023-12-13 16:48:10.998173,2024-09-06 09:13:44.688924,SCHEDULED,2024-01-22 04:35:32.435094
163,24,16,Orthopedics,2023-10-04 19:05:59.925939,2023-03-20 06:40:48.841407,COMPLETED,2025-07-01 01:03:51.873802
164,31,20,Cardiology,2023-04-21 04:53:33.025924,2023-12-05 13:23:03.293956,COMPLETED,2025-03-03 21:45:01.013108
165,32,22,Cardiology,2024-05-28 04:54:30.772413,2024-07-19 18:22:38.435635,CANCELLED,2024-08-28 03:06:23.819394
166,46,13,Orthopedics,2024-04-18 20:54:16.142668,2023-01-24 15:03:17.457887,COMPLETED,2024-08-02 08:55:51.914762
167,8,12,Orthopedics,2023-05-09 08:20:26.639491,2025-06-17 15:19:05.353572,CANCELLED,2024-08-08 16:23:47.329781
168,21,18,Cardiology,2024-09-19 07:44:55.705301,2025-04-21 05:12:23.305185,COMPLETED,2025-03-25 11:13:03.838243
169,23,10,Cardiology,2024-09-11 16:31:21.676296,2025-01-17 18:59:28.288794,COMPLETED,2024-07-16 11:26:15.699283
170,6,8,Orthopedics,2025-01-01 00:32:57.716912,2025-06-23 03:40:35.169018,COMPLETED,2023-04-30 11:47:32.380704
171,3,12,Orthopedics,2023-09-25 04:23:49.047950,2024-04-01 20:17:46.248540,CANCELLED,2024-12-17 11:26:33.278140
172,29,22,Orthopedics,2023-11-24 13:45:15.176082,2023-09-12 17:25:53.569675,COMPLETED,2024-11-22 15:13:46.611605
173,3,7,Cardiology,2023-01-11 23:08:20.586518,2023-05-18 21:10:25.876731,COMPLETED,2024-05-09 04:15:00.300339
174,7,4,Orthopedics,2023-05-06 17:52:26.313155,2023-09-24 20:54:00.049738,SCHEDULED,2023-07-02 00:12:03.652779
175,9,14,Cardiology,2025-05-04 23:48:26.326175,2025-06-12 01:22:35.746177,SCHEDULED,2025-05-01 17:02:20.411450
176,28,3,Orthopedics,2024-10-01 03:36:39.790604,2024-05-24 22:48:19.934541,CANCELLED,2023-08-23 20:29:33.754746
177,45,3,Cardiology,2025-04-01 11:03:20.916491,2023-11-19 03:09:36.640680,CANCELLED,2024-01-07 20:20:02.518440
178,25,11,Orthopedics,2023-07-24 23:00:58.962780,2025-02-01 14:18:56.261030,CANCELLED,2023-07-27 03:24:34.819842
179,33,14,Cardiology,2025-06-08 19:35:47.046923,2025-06-30 16:00:40.748014,CANCELLED,2024-08-30 02:40:34.946121
180,42,15,Cardiology,2025-06-03 12:32:50.388173,2024-11-24 08:26:33.939181,CANCELLED,2023-04-18 00:14:49.551956
181,3,1,Orthopedics,2023-10-09 00:06:50.567188,2023-04-08 05:15:00.944370,COMPLETED,2025-07-12 19:26:13.755489
182,3,23,Cardiology,2025-06-30 19:21:16.917659,2025-05-10 20:37:37.414243,COMPLETED,2023-09-29 14:13:15.408930
183,30,16,Orthopedics,2023-04-25 23:09:05.907819,2023-06-08 02:05:37.166133,COMPLETED,2025-01-30 06:21:45.832546
184,40,11,Cardiology,2024-03-05 17:18:05.358302,2024-05-29 11:14:11.141898,CANCELLED,2023-04-21 19:59:01.168406
185,21,7,Cardiology,2023-03-11 13:09:27.584862,2024-05-28 07:14:40.394042,COMPLETED,2024-09-12 06:40:36.108466
186,23,16,Orthopedics,2024-05-30 12:34:42.664414,2023-05-26 16:13:04.378714,COMPLETED,2024-10-15 10:09:33.510367
187,34,17,Orthopedics,2025-02-05 17:09:30.311895,2024-03-22 22:55:41.186088,SCHEDULED,2023-05-16 08:25:35.460604
188,11,17,Orthopedics,2024-10-08 06:39:24.126153,2023-11-17 11:53:58.860747,SCHEDULED,2023-10-23 04:06:15.621320
189,12,13,Orthopedics,2023-09-12 07:10:06.165987,2023-05-11 09:35:01.849598,COMPLETED,2023-04-21 23:21:10.251357
190,12,24,Cardiology,2025-07-01 13:49:13.288056,2023-06-19 19:50:12.584288,COMPLETED,2024-10-31 03:35:24.646379
191,47,18,Cardiology,2024-03-05 06:49:28.268520,2023-03-24 00:38:38.535297,CANCELLED,2024-02-24 01:22:52.605555
192,46,16,Orthopedics,2024-12-15 09:25:17.359127,2024-03-16 00:47:17.743323,COMPLETED,2023-06-04 17:15:35.865566
193,36,17,Cardiology,2023-05-08 08:52:42.971945,2025-05-01 05:22:05.876909,SCHEDULED,2023-02-26 16:29:01.002125
194,27,10,Orthopedics,2025-04-21 08:55:00.658563,2025-04-20 04:31:14.117906,CANCELLED,2024-04-30 00:19:41.637563
195,11,13,Orthopedics,2024-02-25 06:50:23.181606,2023-02-06 17:26:13.351692,CANCELLED,2024-02-25 16:59:23.507202
196,42,3,Cardiology,2023-04-14 00:57:58.319776,2023-11-05 13:39:36.990071,COMPLETED,2023-02-17 19:57:18.806439
197,7,24,Orthopedics,2025-04-20 09:34:23.499734,2025-03-27 11:11:52.934314,COMPLETED,2023-11-06 22:32:17.233163
198,45,11,Orthopedics,2024-11-11 06:35:07.311946,2023-08-08 08:57:46.538930,CANCELLED,2023-08-25 11:05:34.046135
199,1,21,Orthopedics,2023-10-27 14:24:11.415658,2023-05-06 09:58:48.861484,CANCELLED,2023-02-26 03:00:02.668252
200,44,8,Cardiology,2023-08-21 02:25:15.681233,2024-07-10 03:00:07.582982,CANCELLED,2023-01-30 09:51:51.873261
201,57,5,Orthopedics,2025-03-26 10:10:54.675807,2025-04-07 20:53:06.405112,SCHEDULED,2024-01-01 22:24:55.346844
202,32,15,Cardiology,2023-05-23 08:11:49.036296,2024-07-29 06:42:35.563733,CANCELLED,2024-09-26 17:58:43.820814
203,19,7,Orthopedics,2024-11-09 14:22:31.604288,2025-04-10 02:35:37.661037,CANCELLED,2024-10-30 11:10:18.662645
204,23,22,Cardiology,2023-08-22 09:28:09.638806,2023-10-29 00:03:20.268406,SCHEDULED,2024-12-27 19:08:00.905689
205,48,2,Orthopedics,2024-07-26 21:59:19.786811,2024-08-14 17:30:35.566620,COMPLETED,2023-05-15 04:43:39.413398
206,29,12,Cardiology,2023-08-02 21:48:00.312555,2023-08-20 02:05:21.923968,SCHEDULED,2024-01-12 04:07:34.010690
207,6,13,Cardiology,2023-11-30 15:03:56.852905,2025-02-09 01:52:47.095157,COMPLETED,2023-11-26 20:05:52.373771
208,60,11,Orthopedics,2023-12-03 10:36:13.891344,2024-06-01 12:47:21.512426,CANCELLED,2023-11-16 18:23:06.232818
209,41,2,Cardiology,2023-01-25 18:37:59.208199,2025-01-11 04:47:22.138021,SCHEDULED,2025-04-25 17:48:36.808567
210,13,11,Orthopedics,2023-04-09 05:09:11.257509,2023-10-22 03:19:15.926218,COMPLETED,2025-04-19 11:01:01.608012
211,45,18,Cardiology,2024-04-08 01:41:23.101044,2024-03-09 06:53:50.470736,CANCELLED,2023-12-06 09:17:35.622050
212,13,6,Orthopedics,2024-01-31 23:49:28.579316,2023-08-29 21:41:34.937593,CANCELLED,2023-09-26 18:31:40.587584
213,57,15,Cardiology,2024-04-11 04:48:12.363245,2023-02-04 18:49:08.504730,CANCELLED,2024-07-10 08:36:37.153154
214,14,6,Cardiology,2024-11-16 00:16:35.417356,2024-01-17 19:41:26.968389,CANCELLED,2023-05-09 18:03:59.460895
215,16,5,Orthopedics,2025-02-02 04:36:06.070819,2023-03-23 09:56:56.706399,SCHEDULED,2024-02-04 16:12:13.248886
216,28,7,Orthopedics,2023-10-23 13:36:36.910894,2024-07-21 22:42:31.705622,CANCELLED,2023-05-03 05:51:02.584034
217,9,10,Cardiology,2023-03-27 00:45:02.362441,2023-07-18 06:11:45.814536,CANCELLED,2025-01-13 23:36:11.769072
218,58,24,Cardiology,2025-07-24 05:08:37.862659,2023-10-13 06:10:45.257424,CANCELLED,2024-05-15 13:07:26.372126
219,55,10,Orthopedics,2023-09-29 07:41:20.432356,2023-09-23 11:27:07.009366,CANCELLED,2025-07-05 06:52:16.751164
220,39,11,Cardiology,2023-06-12 18:45:04.626526,2025-05-25 17:15:43.629654,COMPLETED,2024-03-08 16:54:04.890095
221,3,1,Orthopedics,2025-01-08 21:21:24.536833,2023-09-28 22:58:30.530400,SCHEDULED,2023-07-26 11:59:54.481244
222,59,3,Cardiology,2024-01-11 12:52:45.055743,2024-11-06 12:16:47.832083,CANCELLED,2025-02-03 16:32:25.927238
223,38,11,Orthopedics,2023-05-04 06:59:22.747228,2025-03-08 23:02:03.418691,COMPLETED,2023-10-03 10:25:19.809150
224,32,13,Orthopedics,2024-12-30 18:09:35.060731,2024-06-25 00:28:29.884043,SCHEDULED,2023-11-08 03:16:30.639829
225,2,20,Cardiology,2023-01-26 00:13:39.483517,2023-06-13 04:48:31.147931,COMPLETED,2024-08-23 23:56:34.024755
226,16,13,Cardiology,2024-08-22 02:38:24.796658,2023-11-21 16:05:42.377962,COMPLETED,2023-09-02 09:02:09.370491
227,18,13,Cardiology,2023-09-02 23:31:10.205394,2023-05-13 17:14:42.983339,SCHEDULED,2024-02-27 00:42:01.495677
228,39,13,Cardiology,2025-01-14 22:08:48.261334,2024-03-27 00:51:57.927182,CANCELLED,2023-08-31 16:46:23.671799
229,52,13,Cardiology,2025-04-28 14:26:20.131942,2023-07-06 04:40:08.785429,SCHEDULED,2023-01-25 07:03:40.614009
230,20,16,Cardiology,2024-12-14 10:58:21.002466,2023-07-16 02:41:19.556168,SCHEDULED,2024-12-25 21:41:55.455955
231,8,4,Cardiology,2024-04-12 13:38:40.971333,2023-06-27 23:02:55.285787,SCHEDULED,2024-03-10 20:10:32.154724
232,41,19,Cardiology,2024-09-07 12:27:53.408325,2023-03-06 00:56:39.342084,COMPLETED,2023-11-26 13:39:39.056883
233,46,11,Orthopedics,2025-05-09 01:40:06.380838,2023-05-07 11:26:39.651607,SCHEDULED,2025-03-18 10:44:34.038443
234,39,3,Cardiology,2023-06-27 20:47:47.125790,2023-10-10 11:43:30.730355,CANCELLED,2024-02-25 18:02:28.660711
235,40,21,Cardiology,2025-04-20 20:01:51.778211,2023-05-14 17:47:08.382588,COMPLETED,2024-02-05 14:51:12.904489
236,3,12,Cardiology,2024-04-09 20:52:35.439702,2023-11-17 09:24:40.053131,SCHEDULED,2023-12-06 17:47:07.587011
237,52,8,Cardiology,2024-11-02 07:44:51.969545,2023-05-06 20:05:19.041599,COMPLETED,2024-05-30 22:13:06.987625
238,22,15,Orthopedics,2023-12-28 21:37:49.618028,2025-04-03 16:44:08.318245,COMPLETED,2025-07-18 00:14:56.820346
239,41,21,Orthopedics,2024-11-12 08:54:39.346892,2023-10-13 23:20:32.021678,COMPLETED,2024-10-05 08:09:25.157092
240,44,19,Cardiology,2024-09-10 19:48:07.184335,2025-06-23 01:30:44.520621,SCHEDULED,2023-03-25 23:29:47.807915
241,57,4,Cardiology,2023-04-22 05:00:47.502940,2023-06-13 03:11:15.877519,COMPLETED,2024-11-27 02:41:43.460419
242,53,12,Cardiology,2025-04-09 21:14:17.818475,2023-12-04 12:05:12.862537,COMPLETED,2023-08-21 05:10:07.557950
243,1,8,Cardiology,2023-02-25 23:06:19.557288,2023-08-06 12:51:51.188744,COMPLETED,2025-07-27 12:29:02.710080
244,8,16,Orthopedics,2024-12-18 01:24:12.094358,2023-12-13 04:07:44.048130,SCHEDULED,2024-05-15 08:26:48.878317
245,26,12,Orthopedics,2025-07-10 17:48:24.528610,2025-03-30 01:38:40.244319,CANCELLED,2024-02-06 02:03:47.592214
246,18,8,Cardiology,2023-05-02 07:05:06.141548,2024-03-22 15:47:53.349582,COMPLETED,2025-05-14 07:03:05.018566
247,6,17,Cardiology,2025-05-14 09:32:54.967991,2024-08-03 14:53:30.962673,COMPLETED,2023-04-25 10:59:42.056831
248,48,11,Cardiology,2024-10-02 22:19:26.342683,2025-03-06 15:09:08.561962,COMPLETED,2023-02-12 10:59:22.669367
249,56,23,Orthopedics,2024-09-19 16:22:18.205578,2023-11-08 21:31:54.560016,SCHEDULED,2025-05-11 07:04:11.058776
250,60,21,Orthopedics,2023-02-16 14:21:27.908938,2025-05-21 16:59:53.085849,CANCELLED,2023-11-17 11:39:33.034485
251,30,1,Cardiology,2023-05-07 11:15:12.510941,2024-01-09 05:14:16.028050,COMPLETED,2025-06-19 17:44:44.352731
252,42,21,Cardiology,2023-04-11 21:26:28.908118,2024-11-07 16:04:26.792895,SCHEDULED,2024-04-29 14:45:29.297924
253,49,8,Cardiology,2024-08-13 23:43:16.807711,2024-09-07 02:28:45.718825,CANCELLED,2023-05-30 08:08:39.671106
254,33,5,Orthopedics,2025-07-22 19:21:21.630595,2025-06-03 16:28:17.954987,COMPLETED,2024-06-21 02:16:00.344859
255,26,18,Orthopedics,2023-11-16 17:54:59.257829,2024-04-12 03:52:59.303003,COMPLETED,2023-09-20 03:28:08.161621
256,39,23,Cardiology,2024-09-21 04:06:58.364989,2024-07-18 18:36:13.699735,SCHEDULED,2025-07-20 03:24:51.505726
257,9,6,Orthopedics,2023-08-18 17:45:52.212067,2025-05-19 18:33:30.306245,SCHEDULED,2025-02-21 22:15:35.597711
258,30,6,Orthopedics,2025-04-17 16:03:43.612943,2023-01-14 13:28:02.072126,CANCELLED,2024-12-25 08:44:37.715009
259,20,4,Orthopedics,2023-11-03 18:07:06.124030,2024-12-21 06:03:05.972498,SCHEDULED,2025-06-04 07:06:26.857948
260,3,21,Orthopedics,2024-02-21 12:36:48.110773,2024-04-24 18:51:52.105882,COMPLETED,2024-03-28 09:28:23.557257
261,28,15,Orthopedics,2024-08-21 14:10:06.093543,2024-08-15 23:59:03.943844,SCHEDULED,2024-07-08 09:30:16.972311
262,49,22,Orthopedics,2023-02-14 13:14:24.140697,2024-11-09 11:21:41.390534,SCHEDULED,2023-08-31 11:47:40.143424
263,54,20,Cardiology,2024-11-18 17:42:02.370159,2024-10-31 18:17:37.561288,COMPLETED,2025-06-24 13:33:01.263371
264,11,6,Cardiology,2024-01-07 11:24:15.203945,2023-06-11 07:52:15.150869,CANCELLED,2025-04-24 10:20:04.795496
265,52,15,Orthopedics,2025-04-11 11:30:13.735630,2024-11-09 21:40:01.555106,COMPLETED,2024-09-22 08:43:48.324446
266,50,25,Orthopedics,2023-04-25 20:11:22.926057,2023-11-20 21:34:25.321897,COMPLETED,2025-02-05 08:38:15.381452
267,47,18,Orthopedics,2025-03-28 08:26:51.486074,2023-06-06 06:58:53.619542,COMPLETED,2025-07-10 18:54:10.151991
268,35,15,Orthopedics,2024-11-04 15:02:09.224640,2024-10-02 17:55:21.409265,COMPLETED,2024-10-18 01:02:58.543516
269,4,22,Orthopedics,2023-08-10 15:07:19.424218,2023-07-26 17:27:36.249298,COMPLETED,2025-05-25 14:38:11.188062
270,32,16,Orthopedics,2025-06-20 07:06:15.207815,2023-01-09 21:55:41.299985,COMPLETED,2024-11-19 12:24:22.443288
271,1,11,Cardiology,2024-09-07 04:37:36.453901,2024-10-06 03:50:14.462114,SCHEDULED,2023-11-11 14:49:22.107070
272,12,20,Cardiology,2023-04-04 05:00:21.808438,2024-06-08 22:32:56.854420,COMPLETED,2024-02-28 18:13:44.136864
273,59,14,Orthopedics,2024-10-02 06:17:41.868697,2025-03-26 15:10:29.558198,COMPLETED,2023-09-22 13:35:53.461159
274,31,9,Cardiology,2023-03-16 14:13:42.942830,2024-09-07 19:35:18.824585,CANCELLED,2024-03-30 18:45:09.643145
275,17,22,Orthopedics,2023-02-26 03:47:27.121086,2023-09-01 00:06:45.905022,COMPLETED,2024-10-31 07:26:29.784541
276,50,14,Orthopedics,2025-07-25 04:27:34.584409,2025-04-04 15:40:45.510970,COMPLETED,2025-01-15 04:46:51.081675
277,38,4,Orthopedics,2024-05-03 19:44:30.886984,2023-12-22 17:18:19.826878,COMPLETED,2023-11-28 17:13:25.751696
278,55,10,Orthopedics,2024-04-28 22:50:32.436062,2025-06-13 14:31:21.762554,CANCELLED,2023-05-04 15:32:55.579686
279,29,24,Cardiology,2024-02-24 13:57:29.632054,2025-05-15 13:52:37.858850,SCHEDULED,2023-11-18 18:01:50.264256
280,33,6,Cardiology,2023-07-27 02:58:58.499576,2024-12-04 04:36:11.346358,SCHEDULED,2023-07-03 03:58:52.238594
281,60,10,Cardiology,2023-10-01 04:07:19.738386,2023-04-04 07:28:19.086949,COMPLETED,2024-09-13 22:36:16.459795
282,3,25,Cardiology,2024-07-31 17:04:16.400738,2024-07-17 04:28:23.897488,CANCELLED,2025-06-02 17:45:36.746595
283,25,18,Cardiology,2023-06-15 10:23:34.124227,2024-01-26 17:29:40.270687,CANCELLED,2025-01-15 22:40:15.470546
284,11,10,Cardiology,2023-01-28 02:29:45.993102,2024-08-07 11:55:46.928278,SCHEDULED,2023-01-18 10:58:23.238340
285,47,17,Orthopedics,2024-02-19 03:47:54.048250,2023-04-06 18:29:00.698608,SCHEDULED,2025-02-27 15:50:16.926628
286,58,19,Orthopedics,2024-01-27 12:40:28.795190,2024-02-13 20:53:20.773389,SCHEDULED,2024-07-28 09:08:19.643724
287,6,21,Orthopedics,2023-08-11 12:47:25.786167,2024-01-17 01:00:57.783488,SCHEDULED,2024-12-10 23:18:06.688840
288,34,2,Cardiology,2023-01-29 20:34:46.081990,2024-10-05 17:01:43.972565,COMPLETED,2023-11-04 16:38:28.772161
289,14,16,Cardiology,2024-07-07 02:33:10.734619,2023-12-19 10:02:18.388519,SCHEDULED,2024-12-20 22:29:55.133973
290,25,9,Cardiology,2024-08-16 22:18:55.742115,2024-02-26 05:50:25.110330,COMPLETED,2025-03-25 15:11:12.075465
291,55,10,Cardiology,2024-04-06 03:49:15.502909,2023-04-21 07:55:25.108996,CANCELLED,2024-08-28 08:12:23.480259
292,51,9,Orthopedics,2023-04-08 23:48:56.605875,2024-09-15 05:37:58.422212,COMPLETED,2023-09-25 05:40:08.091417
293,15,12,Cardiology,2023-10-02 11:37:48.172718,2024-03-29 10:23:12.754331,SCHEDULED,2023-08-05 06:32:13.436528
294,47,3,Cardiology,2024-10-05 16:08:57.517252,2025-05-06 22:38:43.909381,SCHEDULED,2024-09-21 06:19:45.419628
295,1,14,Cardiology,2024-02-03 12:57:18.473648,2024-08-15 10:11:03.499027,SCHEDULED,2024-11-22 10:12:48.093385
296,22,2,Orthopedics,2025-04-16 06:20:47.741909,2025-05-07 22:38:53.347486,SCHEDULED,2023-02-23 14:21:07.188748
297,46,4,Orthopedics,2025-06-05 18:47:42.939847,2023-12-18 14:21:36.796139,CANCELLED,2023-08-25 23:47:13.825878
298,59,5,Cardiology,2023-10-26 13:17:50.563580,2023-12-20 22:30:08.714922,COMPLETED,2025-01-21 04:50:53.384018
299,24,22,Orthopedics,2025-06-01 08:18:54.436257,2024-06-18 01:58:58.752175,CANCELLED,2024-08-28 07:15:22.746607
300,31,15,Cardiology,2024-08-10 23:32:14.577825,2023-03-21 04:07:39.894269,COMPLETED,2023-03-17 04:10:53.038426
